{
  "diff_age_at_fight": 0.15291683560751465,
  "diff_defense_score": 0.0770497739453489,
  "diff_sapm": 0.07611624733692245,
  "diff_roll7_td_landed": 0.0592303251753831,
  "win_rate_diff": 0.05645529205710644,
  "diff_roll3_sig_str_landed": 0.05238712779488071,
  "diff_aggression_score": 0.03647757171255326,
  "diff_career_avg_td_attempted": 0.0347109759386487,
  "diff_roll7_sig_str_att": 0.03303186101477528,
  "diff_career_avg_ctrl_s": 0.03302807610441929,
  "diff_career_length_days": 0.03204000813015972,
  "diff_roll3_ctrl_s": 0.03173542702400883,
  "diff_roll7_sig_str_pct": 0.031639367954403384,
  "diff_grappling_ratio": 0.02900794913912578,
  "diff_days_in_weight_class": 0.02861996065717332,
  "diff_ko_rate": 0.026484990681553102,
  "reach_diff_inches": 0.026155992415607465,
  "diff_career_avg_kd": 0.023970022314471855,
  "diff_roll3_total_str_landed": 0.022555260713509863,
  "win_streak_diff": 0.0219624787369212,
  "diff_career_avg_total_str_attempted": 0.021224942457529223,
  "diff_roll7_total_str_landed": 0.02031746432826642,
  "diff_decision_rate": 0.019861298492853067,
  "diff_avg_opponent_losses": 0.015055637702469251,
  "diff_roll5_td_pct": 0.014370401306804542,
  "weight_diff_lbs": 0.011357376986626913,
  "weight_class": 0.008669695439977457,
  "loss_streak_diff": 0.0028445719443310953,
  "is_women_division": 0.0005433644546924363,
  "is_title_fight": 0.00017970243196249145
}