{
  "diff_age_at_fight": 0.1535620900676447,
  "diff_sapm": 0.08528289456188054,
  "diff_defense_score": 0.07973004681553128,
  "diff_roll3_sig_str_landed": 0.05026042607633367,
  "win_rate_diff": 0.04986816858742647,
  "diff_roll5_td_landed": 0.04189467457260004,
  "diff_career_length_days": 0.036625962514356854,
  "diff_aggression_score": 0.03647001421650597,
  "diff_career_avg_td_attempted": 0.036432697922952686,
  "diff_roll7_sig_str_att": 0.03276467234198206,
  "diff_career_avg_ctrl_s": 0.03253239920607025,
  "diff_roll7_sig_str_pct": 0.03197588631157362,
  "diff_grappling_ratio": 0.031099349841730285,
  "diff_days_in_weight_class": 0.03106784705513391,
  "diff_roll3_ctrl_s": 0.030895521003442544,
  "diff_ko_rate": 0.026386199751533307,
  "diff_roll3_total_str_landed": 0.023441741440225074,
  "diff_career_avg_total_str_attempted": 0.023141686088593568,
  "reach_diff_inches": 0.02128895509153419,
  "diff_decision_rate": 0.02108654409930214,
  "win_streak_diff": 0.020949753886631322,
  "diff_roll7_total_str_landed": 0.02035445162441208,
  "diff_avg_opponent_losses": 0.018920053746936078,
  "diff_ewa_kd": 0.018649623279516456,
  "diff_roll7_kd": 0.016883721004291304,
  "diff_roll5_td_pct": 0.015559170727217868,
  "weight_class": 0.008816709058420965,
  "loss_streak_diff": 0.0031361606559713717,
  "is_women_division": 0.0006272727398377534,
  "is_title_fight": 0.0002953057104116597
}