{
  "diff_age_at_fight": 0.2805340547182229,
  "diff_career_avg_total_str_attempted": 0.23323758815660137,
  "diff_sapm": 0.2194067622524539,
  "diff_career_avg_td_attempted": 0.21061257017895837,
  "diff_roll3_sig_str_landed": 0.19468352434728814,
  "diff_roll7_sig_str_att": 0.15331138796865323,
  "diff_roll7_td_landed": 0.14423834458328413,
  "win_streak_diff": 0.13589641835311492,
  "diff_defense_score": 0.13285365654342887,
  "weight_diff_lbs": 0.11016550190667597,
  "reach_diff_inches": 0.10245560991816952,
  "diff_grappling_ratio": 0.09909316669011772,
  "diff_decision_rate": 0.09800191341914245,
  "diff_roll3_total_str_landed": 0.09728008693454332,
  "diff_roll7_total_str_landed": 0.06731967821834846,
  "loss_streak_diff": 0.06709883863256859,
  "win_rate_diff": 0.06485654041712115,
  "diff_roll7_sig_str_pct": 0.045091506305809485,
  "diff_aggression_score": 0.041433795297074326,
  "diff_roll7_kd": 0.03177169994446284,
  "is_title_fight": 0.024001532963797895,
  "diff_career_avg_ctrl_s": 0.021869054913942282,
  "diff_ko_rate": 0.015081736133402352,
  "diff_avg_opponent_losses": 0.011519919423904615,
  "weight_class": 0.009358680054672561,
  "is_women_division": 0.00858597675630435,
  "diff_roll3_ctrl_s": 0.008323948691865838,
  "diff_career_length_days": 0.0072508033268506395,
  "diff_roll5_td_pct": 0.005430124017331153,
  "diff_days_in_weight_class": 0.004871925485302588,
  "diff_ewa_kd": 0.00022572071388671336
}