{
  "diff_age_at_fight": 0.15374420825581633,
  "diff_sapm": 0.08067547186128812,
  "diff_defense_score": 0.07393642100773765,
  "win_rate_diff": 0.05342268784972485,
  "diff_roll3_sig_str_landed": 0.0518204714817725,
  "diff_roll7_td_landed": 0.05013320240709049,
  "diff_aggression_score": 0.041217959816377964,
  "diff_career_length_days": 0.037340822884442564,
  "diff_career_avg_td_attempted": 0.03557636270506505,
  "diff_roll3_ctrl_s": 0.034906719576505985,
  "diff_roll7_sig_str_att": 0.0314167593476953,
  "diff_ko_rate": 0.03040020939424866,
  "diff_career_avg_ctrl_s": 0.029650756510005767,
  "diff_days_in_weight_class": 0.02932942056626884,
  "diff_roll7_sig_str_pct": 0.02850714562791903,
  "diff_grappling_ratio": 0.026086459653281966,
  "win_streak_diff": 0.02227608862599782,
  "diff_roll3_total_str_landed": 0.02181350128239128,
  "diff_career_avg_kd": 0.02163553150363878,
  "diff_career_avg_total_str_attempted": 0.021550041563277052,
  "diff_decision_rate": 0.021444472245017467,
  "diff_roll7_total_str_landed": 0.020933496084497787,
  "reach_diff_inches": 0.019554281399780153,
  "diff_ewa_kd": 0.018637758915043542,
  "diff_avg_opponent_losses": 0.018571443798621756,
  "diff_roll5_td_pct": 0.014063485402555018,
  "weight_class": 0.007733622221485228,
  "loss_streak_diff": 0.002204112046816838,
  "is_women_division": 0.0007839622268236887,
  "is_title_fight": 0.0006331237388127498
}