{
  "diff_age_at_fight": 0.15488310725968416,
  "diff_defense_score": 0.08015128740990604,
  "diff_sapm": 0.07543324681816281,
  "win_rate_diff": 0.052868324553668716,
  "diff_roll3_sig_str_landed": 0.049821800338019764,
  "diff_roll5_td_landed": 0.04382023711590505,
  "diff_career_avg_td_attempted": 0.03904169169274592,
  "diff_aggression_score": 0.03852528686962057,
  "diff_career_length_days": 0.03764270842540089,
  "diff_roll7_sig_str_att": 0.03422530161353762,
  "diff_career_avg_ctrl_s": 0.03355663432273795,
  "diff_roll7_sig_str_pct": 0.03189746814187519,
  "diff_days_in_weight_class": 0.031028527342205806,
  "diff_roll3_ctrl_s": 0.030671882790554904,
  "diff_grappling_ratio": 0.030634568576599484,
  "diff_ko_rate": 0.02754135833920665,
  "diff_roll3_total_str_landed": 0.022189884885373372,
  "diff_decision_rate": 0.02077940173436589,
  "diff_career_avg_kd": 0.02054080584319061,
  "reach_diff_inches": 0.020516547745112607,
  "diff_career_avg_total_str_attempted": 0.020362541900144863,
  "win_streak_diff": 0.019842810652502634,
  "diff_roll7_total_str_landed": 0.019785198246366216,
  "diff_ewa_kd": 0.01809975806741663,
  "diff_avg_opponent_losses": 0.01783966984978242,
  "diff_roll5_td_pct": 0.015378342512715968,
  "weight_class": 0.008649288567317318,
  "loss_streak_diff": 0.0030601838680403446,
  "is_title_fight": 0.000730015452607455,
  "is_women_division": 0.0004821190652321965
}