{
  "is_women_division": 0.06848711520433426,
  "experience_diff": 0.06009738892316818,
  "diff_career_length_days": 0.04761848226189613,
  "diff_age_at_fight": 0.0463588684797287,
  "win_streak_diff": 0.033883608877658844,
  "diff_strength_of_schedule": 0.03366881236433983,
  "diff_days_since_last_fight": 0.03329116478562355,
  "diff_roll5_ctrl_s": 0.032735563814640045,
  "diff_defense_score": 0.032211363315582275,
  "diff_roll7_td_landed": 0.031521987169981,
  "reach_diff_inches": 0.03066299483180046,
  "weight_class": 0.02945481427013874,
  "diff_days_in_weight_class": 0.028487499803304672,
  "diff_roll3_sig_str_att": 0.028376825153827667,
  "diff_striking_ratio": 0.027954766526818275,
  "diff_avg_opponent_win_pct": 0.027525795623660088,
  "diff_roll5_td_pct": 0.027264557778835297,
  "diff_roll7_kd": 0.027156047523021698,
  "diff_ko_rate": 0.026794899255037308,
  "diff_roll3_td_pct": 0.026768336072564125,
  "diff_roll3_td_att": 0.026682455092668533,
  "diff_roll5_sig_str_pct": 0.026538698002696037,
  "diff_grappling_ratio": 0.025975016877055168,
  "diff_roll5_total_str_att": 0.025572288781404495,
  "diff_avg_opponent_losses": 0.025050325319170952,
  "diff_finish_rate": 0.02480202727019787,
  "diff_roll3_total_str_landed": 0.02477634884417057,
  "diff_decision_rate": 0.02472175471484661,
  "diff_aggression_score": 0.02417634427547455,
  "diff_roll7_total_str_landed": 0.02397189848124981,
  "diff_ewa_kd": 0.02387450821697712,
  "height_diff_inches": 0.02353748306632042
}