{
  "age_diff_days": 0.28150229622925105,
  "diff_sapm": 0.25541990930521175,
  "win_streak_diff": 0.1678448841884014,
  "diff_roll7_td_landed": 0.16439687158058322,
  "diff_avg_opponent_win_pct": 0.142451010129636,
  "diff_strength_of_schedule": 0.14053207056599065,
  "diff_roll5_total_str_att": 0.14041637567480236,
  "diff_roll7_sig_str_landed": 0.13995399700275876,
  "diff_roll5_td_att": 0.13225204679636576,
  "diff_striking_ratio": 0.12762832205974636,
  "diff_roll3_total_str_landed": 0.11844806197277774,
  "diff_finish_rate": 0.08613372232341655,
  "diff_career_length_days": 0.08452589447072764,
  "diff_td_def_rate": 0.07140352125822896,
  "diff_grappling_ratio": 0.05770569663605215,
  "diff_roll7_total_str_landed": 0.05537300929677222,
  "weight_diff_lbs": 0.05077713710328414,
  "diff_roll3_ctrl_s": 0.04918523806064051,
  "loss_streak_diff": 0.04627303779814805,
  "diff_days_since_last_fight": 0.041905088228005705,
  "diff_roll3_sig_str_landed": 0.03608484427208906,
  "height_diff_inches": 0.035850576682223405,
  "win_rate_diff": 0.03221730507180357,
  "diff_avg_opponent_losses": 0.030979438384264837,
  "diff_defense_score": 0.020421232566701454,
  "weight_class": 0.019862273671169824,
  "diff_roll3_kd": 0.019210925137933186,
  "diff_roll3_td_pct": 0.017104022822829138,
  "diff_roll5_sig_str_pct": 0.0159100453432474,
  "diff_roll5_td_pct": 0.005425388587596654,
  "diff_days_in_weight_class": 0.0019506755750656139
}