{
  "diff_age_at_fight": 0.07336318492889404,
  "diff_defense_score": 0.05620623379945755,
  "diff_sapm": 0.049156781286001205,
  "diff_roll3_sig_str_landed": 0.04431191459298134,
  "diff_roll5_td_landed": 0.04427633062005043,
  "win_streak_diff": 0.040356170386075974,
  "weight_class": 0.040004972368478775,
  "diff_aggression_score": 0.03964408487081528,
  "diff_career_avg_td_attempted": 0.0376724898815155,
  "diff_career_avg_ctrl_s": 0.03753330558538437,
  "diff_ko_rate": 0.03548871725797653,
  "win_rate_diff": 0.03447314724326134,
  "diff_roll7_sig_str_pct": 0.03311501443386078,
  "diff_career_avg_kd": 0.03283586725592613,
  "reach_diff_inches": 0.03278051316738129,
  "diff_decision_rate": 0.03167208656668663,
  "diff_days_in_weight_class": 0.030734475702047348,
  "diff_ewa_kd": 0.030654313042759895,
  "diff_career_length_days": 0.03043541871011257,
  "diff_grappling_ratio": 0.03040427714586258,
  "diff_career_avg_total_str_attempted": 0.02885819599032402,
  "diff_roll7_sig_str_att": 0.02836434729397297,
  "diff_roll3_ctrl_s": 0.0282733291387558,
  "diff_avg_opponent_losses": 0.027232451364398003,
  "diff_roll3_total_str_landed": 0.026498515158891678,
  "loss_streak_diff": 0.026217961683869362,
  "diff_roll7_total_str_landed": 0.025714239105582237,
  "diff_roll5_td_pct": 0.0237217228859663,
  "is_title_fight": 0.0,
  "is_women_division": 0.0
}