{
  "diff_age_at_fight": 0.14597401844533697,
  "diff_sapm": 0.07816445531971912,
  "diff_defense_score": 0.0768953437233695,
  "win_rate_diff": 0.053873686784140076,
  "diff_roll7_td_landed": 0.051684223345934345,
  "diff_roll3_sig_str_landed": 0.05102929093963296,
  "diff_career_avg_td_attempted": 0.03906258962603141,
  "diff_aggression_score": 0.03573770967650507,
  "diff_career_length_days": 0.03260968623390872,
  "diff_career_avg_ctrl_s": 0.03191177086815633,
  "diff_roll7_sig_str_att": 0.03167028245309773,
  "diff_days_in_weight_class": 0.030848755302125403,
  "diff_roll7_sig_str_pct": 0.030527004069977267,
  "diff_grappling_ratio": 0.0299640785130287,
  "diff_roll3_ctrl_s": 0.029264643205922224,
  "diff_ko_rate": 0.025745571797712075,
  "win_streak_diff": 0.024266355327065284,
  "diff_roll3_total_str_landed": 0.02252936789334481,
  "diff_career_avg_total_str_attempted": 0.022206603920255905,
  "reach_diff_inches": 0.021401566402619792,
  "diff_career_avg_kd": 0.02099039989253931,
  "diff_decision_rate": 0.01973084291613044,
  "diff_ewa_kd": 0.01960890883442012,
  "diff_roll7_total_str_landed": 0.019605672726905443,
  "diff_avg_opponent_losses": 0.017323623018068637,
  "diff_roll5_td_pct": 0.015449703264514954,
  "weight_diff_lbs": 0.010927672047211479,
  "weight_class": 0.007499305637912877,
  "loss_streak_diff": 0.0029264536154469316,
  "is_title_fight": 0.00031754333954812843,
  "is_women_division": 0.00025287085941804827
}