{
  "diff_age_at_fight": 0.14592436744870332,
  "diff_defense_score": 0.08161374324116533,
  "diff_sapm": 0.07409686045724549,
  "win_rate_diff": 0.05370938174945263,
  "diff_roll7_td_landed": 0.05228205960115076,
  "diff_roll3_sig_str_landed": 0.05077532944132719,
  "diff_aggression_score": 0.03896744681093404,
  "diff_career_avg_td_attempted": 0.03558036918634436,
  "diff_career_avg_ctrl_s": 0.033369166801685245,
  "diff_roll3_ctrl_s": 0.03260578484647744,
  "diff_career_length_days": 0.03253237489637258,
  "diff_days_in_weight_class": 0.03235327984576228,
  "diff_roll7_sig_str_pct": 0.030324263319049784,
  "diff_ko_rate": 0.02872113074033257,
  "diff_grappling_ratio": 0.02853144187262117,
  "diff_roll7_sig_str_att": 0.027959761379523558,
  "diff_career_avg_total_str_attempted": 0.02308836523211176,
  "win_streak_diff": 0.022739797705038915,
  "reach_diff_inches": 0.022682597529467392,
  "diff_career_avg_kd": 0.021687734705329555,
  "diff_roll3_total_str_landed": 0.020195610396401747,
  "diff_ewa_kd": 0.019815948229968666,
  "diff_decision_rate": 0.01916914911663196,
  "diff_roll7_total_str_landed": 0.018488973679067537,
  "diff_avg_opponent_losses": 0.016695065745149937,
  "diff_roll5_td_pct": 0.014570411152608573,
  "weight_diff_lbs": 0.01154934221264451,
  "weight_class": 0.006014693934831413,
  "loss_streak_diff": 0.0034493123127655855,
  "is_title_fight": 0.0003094709668753857,
  "is_women_division": 0.00019676544295935307
}