{
  "diff_age_at_fight": 0.281669735510645,
  "diff_career_avg_total_str_attempted": 0.25581530478284903,
  "diff_sapm": 0.2161990765053297,
  "diff_career_avg_td_attempted": 0.2103805418255505,
  "diff_roll3_sig_str_landed": 0.1826254977164216,
  "diff_roll7_sig_str_att": 0.15974796265423136,
  "win_streak_diff": 0.14692049061025245,
  "diff_roll7_td_landed": 0.13884044687515504,
  "diff_defense_score": 0.13421137634495017,
  "reach_diff_inches": 0.10486263282255608,
  "weight_diff_lbs": 0.10286354238380224,
  "diff_decision_rate": 0.10249348208528268,
  "diff_grappling_ratio": 0.09865204634524047,
  "diff_roll7_total_str_landed": 0.09324288930172016,
  "diff_roll3_total_str_landed": 0.0910666023869637,
  "win_rate_diff": 0.0702496725881793,
  "loss_streak_diff": 0.06679839743899264,
  "diff_aggression_score": 0.04243023276861829,
  "diff_roll7_sig_str_pct": 0.037342110914126585,
  "diff_career_avg_ctrl_s": 0.02550283857270558,
  "diff_ewa_kd": 0.021887294854660573,
  "is_title_fight": 0.020740592751490292,
  "diff_roll3_ctrl_s": 0.017557683969885923,
  "diff_career_avg_kd": 0.01301474897750718,
  "diff_days_in_weight_class": 0.01273875075850145,
  "diff_avg_opponent_losses": 0.012554270811147664,
  "diff_ko_rate": 0.011214869125622863,
  "weight_class": 0.00864941850277262,
  "diff_career_length_days": 0.007134342815278716,
  "is_women_division": 0.00630365143135446,
  "diff_roll5_td_pct": 0.0010064680324500966
}