{
  "age_diff_days": 0.10215254127979279,
  "diff_age_at_fight": 0.041796911507844925,
  "is_women_division": 0.04060842841863632,
  "experience_diff": 0.03216491639614105,
  "win_streak_diff": 0.030634287744760513,
  "weight_class": 0.02922484092414379,
  "diff_roll7_td_landed": 0.02827766351401806,
  "diff_career_length_days": 0.027970630675554276,
  "diff_roll5_td_att": 0.02690502069890499,
  "diff_days_since_last_fight": 0.02662929706275463,
  "diff_days_in_weight_class": 0.025727851316332817,
  "diff_ewa_ctrl_s": 0.025685111060738564,
  "diff_strength_of_schedule": 0.025684578344225883,
  "reach_diff_inches": 0.025577431544661522,
  "diff_roll5_sig_str_landed": 0.025262663140892982,
  "diff_defense_score": 0.02516503818333149,
  "diff_sub_rate": 0.02502007782459259,
  "weight_diff_lbs": 0.02483578957617283,
  "diff_roll7_kd": 0.024595022201538086,
  "diff_roll5_sig_str_pct": 0.024297503754496574,
  "diff_striking_ratio": 0.023873930796980858,
  "diff_avg_opponent_win_pct": 0.023806503042578697,
  "diff_ko_rate": 0.023189138621091843,
  "diff_roll7_total_str_landed": 0.022774294018745422,
  "diff_avg_opponent_losses": 0.022676415741443634,
  "diff_grappling_ratio": 0.02255895920097828,
  "diff_roll5_total_str_att": 0.02251080796122551,
  "diff_decision_rate": 0.022418124601244926,
  "diff_roll5_td_pct": 0.0223982073366642,
  "diff_roll3_td_pct": 0.02211836166679859,
  "diff_roll3_total_str_landed": 0.02207404375076294,
  "loss_streak_diff": 0.02114408276975155,
  "diff_aggression_score": 0.020536795258522034,
  "diff_finish_rate": 0.020234227180480957,
  "diff_roll3_kd": 0.019944842904806137,
  "height_diff_inches": 0.018583975732326508,
  "is_title_fight": 0.010941725224256516
}