{
  "diff_age_at_fight": 0.29188216360463265,
  "diff_career_avg_total_str_attempted": 0.26569219811137795,
  "diff_career_avg_td_attempted": 0.2409862201208742,
  "diff_sapm": 0.21245204526393438,
  "diff_roll3_sig_str_landed": 0.19784389043158657,
  "diff_roll7_sig_str_att": 0.16637636852292736,
  "win_streak_diff": 0.13325405122134695,
  "diff_defense_score": 0.1317748409677094,
  "reach_diff_inches": 0.1182989513482999,
  "diff_roll3_total_str_landed": 0.0995520007553924,
  "diff_decision_rate": 0.09831130084330204,
  "diff_grappling_ratio": 0.0925922253679642,
  "diff_roll5_td_landed": 0.08788537741844725,
  "diff_roll7_total_str_landed": 0.0825206949986316,
  "win_rate_diff": 0.07016232756476276,
  "loss_streak_diff": 0.06811840545427332,
  "diff_aggression_score": 0.04594389703116144,
  "diff_roll7_sig_str_pct": 0.03734121284911359,
  "diff_ewa_kd": 0.019868795778781256,
  "is_title_fight": 0.019754283188083744,
  "diff_roll5_td_pct": 0.01839626164598009,
  "diff_roll3_ctrl_s": 0.013768785643848815,
  "diff_avg_opponent_losses": 0.012387588754056324,
  "weight_class": 0.01028210779395647,
  "diff_ko_rate": 0.0068603740653792565,
  "is_women_division": 0.006575079797082388,
  "diff_career_avg_kd": 0.0062805816374375,
  "diff_career_length_days": 0.0045687050191385225,
  "diff_days_in_weight_class": 0.0031436368558389145,
  "diff_career_avg_ctrl_s": 0.0029938047652463976
}