{
  "diff_age_at_fight": 0.1559845983488084,
  "diff_sapm": 0.07947969299298659,
  "diff_defense_score": 0.07541873639846002,
  "win_rate_diff": 0.051625454256356784,
  "diff_roll7_td_landed": 0.04978256425011371,
  "diff_roll3_sig_str_landed": 0.048593983427699654,
  "diff_career_avg_td_attempted": 0.037910551423888925,
  "diff_career_length_days": 0.035526498860653566,
  "diff_td_def_rate": 0.034498835548868664,
  "diff_aggression_score": 0.033668932168513806,
  "diff_days_in_weight_class": 0.03153252518334305,
  "diff_roll3_ctrl_s": 0.03130527271668097,
  "diff_roll7_sig_str_att": 0.030004633381215083,
  "diff_career_avg_ctrl_s": 0.029477970980928407,
  "diff_grappling_ratio": 0.02760117742934542,
  "diff_ko_rate": 0.026615333342641042,
  "diff_roll7_sig_str_pct": 0.02513082021673846,
  "reach_diff_inches": 0.02140999939402956,
  "diff_career_avg_total_str_attempted": 0.02087442388531211,
  "diff_roll3_total_str_landed": 0.020076264910470015,
  "diff_roll7_total_str_landed": 0.019308248309862143,
  "diff_ewa_kd": 0.019083459264230638,
  "diff_decision_rate": 0.018713574010213882,
  "win_streak_diff": 0.018380527497876158,
  "diff_career_avg_kd": 0.016382551988924677,
  "diff_avg_opponent_losses": 0.01586982218944882,
  "diff_roll5_td_pct": 0.01419980646820781,
  "weight_class": 0.008162990160376053,
  "loss_streak_diff": 0.0025862120278478035,
  "is_women_division": 0.0007139683188099369,
  "is_title_fight": 8.057064714789435e-05
}