{
  "diff_age_at_fight": 0.28014243178130466,
  "diff_career_avg_total_str_attempted": 0.25868929957317544,
  "diff_sapm": 0.21670202872874997,
  "diff_career_avg_td_attempted": 0.2094567365711354,
  "diff_roll3_sig_str_landed": 0.1810341733789321,
  "diff_roll7_sig_str_att": 0.16349953821278257,
  "win_streak_diff": 0.14737545148081763,
  "diff_roll7_td_landed": 0.14004508039325209,
  "diff_defense_score": 0.1314747408892005,
  "weight_diff_lbs": 0.10652720675247246,
  "reach_diff_inches": 0.10210035115111035,
  "diff_decision_rate": 0.1007961247539178,
  "diff_grappling_ratio": 0.09910451160046965,
  "diff_roll7_total_str_landed": 0.09255827967619894,
  "diff_roll3_total_str_landed": 0.09119381558380922,
  "win_rate_diff": 0.06978604022011267,
  "loss_streak_diff": 0.06627898130322786,
  "diff_aggression_score": 0.04305079500524927,
  "diff_roll7_sig_str_pct": 0.037025873784962596,
  "diff_career_avg_ctrl_s": 0.026911598281834846,
  "diff_ewa_kd": 0.02441926448903654,
  "is_title_fight": 0.021619387009178533,
  "diff_roll3_ctrl_s": 0.018589694964393666,
  "diff_days_in_weight_class": 0.012873785264512442,
  "diff_avg_opponent_losses": 0.01231142341549457,
  "diff_career_avg_kd": 0.01163890206564141,
  "diff_ko_rate": 0.009367652950325895,
  "diff_career_length_days": 0.008469375040955277,
  "weight_class": 0.008360200482536627,
  "is_women_division": 0.007149456220240527,
  "diff_roll5_td_pct": 0.0020804250070479225
}