{
  "diff_age_at_fight": 0.05239561200141907,
  "diff_sapm": 0.0446307398378849,
  "loss_streak_diff": 0.04115002974867821,
  "diff_roll3_sig_str_landed": 0.03884159401059151,
  "diff_days_since_last_fight": 0.038240473717451096,
  "diff_strength_of_schedule": 0.03747604042291641,
  "diff_roll7_td_landed": 0.037203140556812286,
  "diff_striking_ratio": 0.03665469214320183,
  "diff_avg_opponent_win_pct": 0.033917322754859924,
  "diff_career_length_days": 0.03359707072377205,
  "diff_roll5_td_att": 0.03335369750857353,
  "diff_roll3_kd": 0.03256117179989815,
  "reach_diff_inches": 0.03254791349172592,
  "diff_defense_score": 0.03231144696474075,
  "diff_days_in_weight_class": 0.03211555629968643,
  "weight_diff_lbs": 0.03144786134362221,
  "diff_avg_opponent_losses": 0.0310653243213892,
  "diff_td_def_rate": 0.030828386545181274,
  "weight_class": 0.03068140335381031,
  "diff_grappling_ratio": 0.030267875641584396,
  "height_diff_inches": 0.03023972362279892,
  "diff_roll5_td_pct": 0.029944952577352524,
  "diff_roll5_sig_str_pct": 0.029553743079304695,
  "diff_roll3_td_pct": 0.029247283935546875,
  "diff_roll5_total_str_att": 0.029203416779637337,
  "diff_roll3_ctrl_s": 0.029013894498348236,
  "diff_roll7_total_str_landed": 0.02898278646171093,
  "diff_roll7_sig_str_landed": 0.028240010142326355,
  "diff_finish_rate": 0.028200067579746246,
  "diff_roll3_total_str_landed": 0.02608666941523552
}