{
  "diff_age_at_fight": 0.1540516352760566,
  "diff_defense_score": 0.08030305959729973,
  "diff_sapm": 0.07887459326349498,
  "win_rate_diff": 0.0538771483653628,
  "diff_roll3_sig_str_landed": 0.04845576270171457,
  "diff_roll5_td_landed": 0.04173465369974103,
  "diff_career_avg_td_attempted": 0.037420965575726405,
  "diff_aggression_score": 0.036286846831723174,
  "diff_roll3_ctrl_s": 0.03530628587933491,
  "diff_roll7_sig_str_att": 0.03454076194701904,
  "diff_career_length_days": 0.033548797892105,
  "diff_roll7_sig_str_pct": 0.032644602730285924,
  "diff_days_in_weight_class": 0.031546655618502076,
  "diff_ko_rate": 0.030533603316400086,
  "diff_grappling_ratio": 0.0301006497736474,
  "diff_career_avg_ctrl_s": 0.028703157060269335,
  "diff_roll7_total_str_landed": 0.02323284628639041,
  "diff_roll3_total_str_landed": 0.0231233824040042,
  "diff_career_avg_kd": 0.02194505956596495,
  "win_streak_diff": 0.02172576370207326,
  "reach_diff_inches": 0.021371356062942236,
  "diff_career_avg_total_str_attempted": 0.0207220297548467,
  "diff_ewa_kd": 0.020046223805118862,
  "diff_decision_rate": 0.01969893863954081,
  "diff_avg_opponent_losses": 0.016553390268036462,
  "diff_roll5_td_pct": 0.013065472467396661,
  "weight_class": 0.006809113580898912,
  "loss_streak_diff": 0.002660160983825176,
  "is_title_fight": 0.0008197603394099156,
  "is_women_division": 0.0002973226108684493
}