{
  "diff_age_at_fight": 0.15495492832716867,
  "diff_defense_score": 0.08326155618240282,
  "diff_sapm": 0.07793809849808195,
  "diff_roll7_td_landed": 0.04953996846203653,
  "diff_roll3_sig_str_landed": 0.04877717098380178,
  "win_rate_diff": 0.04850930450687448,
  "diff_career_avg_td_attempted": 0.0409787752803464,
  "diff_aggression_score": 0.034947035214393775,
  "diff_career_length_days": 0.034925516157594844,
  "diff_roll7_sig_str_pct": 0.0346744063798662,
  "diff_roll3_ctrl_s": 0.03260188763576526,
  "diff_roll7_sig_str_att": 0.030890116640943686,
  "diff_days_in_weight_class": 0.03031905943686552,
  "diff_grappling_ratio": 0.02922227711336295,
  "diff_career_avg_ctrl_s": 0.02770105615018602,
  "diff_ko_rate": 0.025991010555377177,
  "diff_roll3_total_str_landed": 0.022849078942580394,
  "diff_roll7_total_str_landed": 0.02278747591220152,
  "diff_career_avg_total_str_attempted": 0.02247351790632698,
  "win_streak_diff": 0.0214891130784443,
  "diff_career_avg_kd": 0.020437981905246615,
  "diff_ewa_kd": 0.019666084827278163,
  "reach_diff_inches": 0.019071475845941512,
  "diff_avg_opponent_losses": 0.018804315023559462,
  "diff_decision_rate": 0.01813771639585302,
  "diff_roll5_td_pct": 0.01623406092903584,
  "weight_class": 0.009391662120998323,
  "loss_streak_diff": 0.0027149044031910988,
  "is_title_fight": 0.0004046750431252638,
  "is_women_division": 0.00030577014114956856
}