{
  "diff_age_at_fight": 0.2808102063347081,
  "diff_career_avg_total_str_attempted": 0.2477674426963309,
  "diff_sapm": 0.21272817738835145,
  "diff_career_avg_td_attempted": 0.20493128489566959,
  "diff_roll3_sig_str_landed": 0.19463742044519253,
  "diff_roll7_sig_str_att": 0.15006663405290696,
  "diff_roll7_td_landed": 0.14797103251071914,
  "win_streak_diff": 0.14566415503976451,
  "diff_defense_score": 0.13313157170643736,
  "weight_diff_lbs": 0.11445092574047126,
  "reach_diff_inches": 0.10665276958646643,
  "diff_roll3_total_str_landed": 0.10400515641078767,
  "diff_grappling_ratio": 0.09949147414286362,
  "diff_decision_rate": 0.09730024833264489,
  "diff_roll7_total_str_landed": 0.09439239562235355,
  "win_rate_diff": 0.06695934475217195,
  "loss_streak_diff": 0.06403327897581683,
  "diff_aggression_score": 0.040687636714121234,
  "diff_roll7_sig_str_pct": 0.03885996952398935,
  "diff_career_avg_ctrl_s": 0.029827345935856807,
  "diff_career_avg_kd": 0.02858396726725967,
  "is_title_fight": 0.023167367654660233,
  "diff_roll3_ctrl_s": 0.017723947902010758,
  "diff_days_in_weight_class": 0.015031726829784405,
  "diff_avg_opponent_losses": 0.014412448108320748,
  "diff_ko_rate": 0.007859728779443874,
  "weight_class": 0.007462612408870475,
  "diff_career_length_days": 0.005343189371578407,
  "is_women_division": 0.004839579894114715,
  "diff_roll5_td_pct": 0.0025182922296747346
}