{
  "diff_age_at_fight": 0.07811879366636276,
  "diff_defense_score": 0.051071926951408386,
  "diff_sapm": 0.04895367845892906,
  "diff_career_avg_ctrl_s": 0.04214944317936897,
  "diff_roll5_td_landed": 0.0419183112680912,
  "diff_roll3_sig_str_landed": 0.041905418038368225,
  "win_rate_diff": 0.04165968671441078,
  "win_streak_diff": 0.04118030145764351,
  "diff_roll7_sig_str_att": 0.03882738575339317,
  "diff_ko_rate": 0.03847498446702957,
  "diff_days_in_weight_class": 0.03546416386961937,
  "diff_career_avg_kd": 0.034840017557144165,
  "weight_class": 0.03439963608980179,
  "diff_career_avg_td_attempted": 0.03435685858130455,
  "diff_aggression_score": 0.03387198969721794,
  "loss_streak_diff": 0.03296598047018051,
  "diff_grappling_ratio": 0.032464977353811264,
  "diff_roll3_ctrl_s": 0.031439363956451416,
  "reach_diff_inches": 0.02977585233747959,
  "diff_ewa_kd": 0.029695240780711174,
  "diff_decision_rate": 0.028278974816203117,
  "diff_roll7_sig_str_pct": 0.027068601921200752,
  "diff_career_length_days": 0.026878509670495987,
  "diff_roll7_total_str_landed": 0.02662692219018936,
  "diff_roll5_td_pct": 0.02616978995501995,
  "diff_roll3_total_str_landed": 0.025649746879935265,
  "diff_career_avg_total_str_attempted": 0.023685449734330177,
  "diff_avg_opponent_losses": 0.022107964381575584,
  "is_title_fight": 0.0,
  "is_women_division": 0.0
}