{
  "diff_age_at_fight": 0.15741252090314287,
  "diff_sapm": 0.07979856333416804,
  "diff_defense_score": 0.07824001748036476,
  "win_rate_diff": 0.05108630677061942,
  "diff_roll3_sig_str_landed": 0.04923189999863687,
  "diff_roll7_td_landed": 0.048751916225264334,
  "diff_career_avg_td_attempted": 0.03737356965334719,
  "diff_td_def_rate": 0.03510423635774066,
  "diff_aggression_score": 0.03401215247690999,
  "diff_career_length_days": 0.033794084073959375,
  "diff_career_avg_ctrl_s": 0.030991320606309304,
  "diff_days_in_weight_class": 0.030060856880328297,
  "diff_roll7_sig_str_att": 0.029515134768056808,
  "diff_roll3_ctrl_s": 0.02877816609093334,
  "diff_roll7_sig_str_pct": 0.02716974086072821,
  "diff_grappling_ratio": 0.024706518229171845,
  "diff_ko_rate": 0.02456308008796233,
  "diff_roll3_total_str_landed": 0.020975635957608735,
  "diff_roll7_total_str_landed": 0.020810721393418198,
  "win_streak_diff": 0.020397768934413356,
  "diff_career_avg_total_str_attempted": 0.02025001660552727,
  "diff_career_avg_kd": 0.019759483713293384,
  "diff_decision_rate": 0.01938696713554282,
  "reach_diff_inches": 0.019170043102293952,
  "diff_avg_opponent_losses": 0.0174336996775397,
  "diff_ewa_kd": 0.01713642051735475,
  "diff_roll5_td_pct": 0.011990774696223611,
  "weight_class": 0.008128841145815887,
  "loss_streak_diff": 0.0029725526737434814,
  "is_women_division": 0.0005949115798202679,
  "is_title_fight": 0.00040207806976102497
}