{
  "diff_age_at_fight": 0.14663544521668626,
  "diff_defense_score": 0.07942660334493655,
  "diff_sapm": 0.07758748781483718,
  "diff_roll7_td_landed": 0.050841462795749706,
  "diff_roll3_sig_str_landed": 0.046432166768752864,
  "win_rate_diff": 0.045075810975304935,
  "diff_career_avg_td_attempted": 0.037069306971164354,
  "diff_aggression_score": 0.03595499341910748,
  "diff_career_length_days": 0.03377566540578696,
  "diff_career_avg_ctrl_s": 0.033376066033604886,
  "diff_days_in_weight_class": 0.03330668361484303,
  "diff_roll7_sig_str_att": 0.031248392944990672,
  "diff_td_def_rate": 0.030534236903545935,
  "diff_roll3_ctrl_s": 0.030291149657381493,
  "diff_roll7_sig_str_pct": 0.027883303268738176,
  "diff_grappling_ratio": 0.026074830689145474,
  "diff_ko_rate": 0.025297616809355175,
  "reach_diff_inches": 0.021358748579707015,
  "diff_roll3_total_str_landed": 0.021279299579114168,
  "win_streak_diff": 0.020468630459748137,
  "diff_ewa_kd": 0.019944171461875767,
  "diff_decision_rate": 0.01954267565531041,
  "diff_roll7_total_str_landed": 0.019404337266816077,
  "diff_career_avg_total_str_attempted": 0.018410164369432526,
  "diff_avg_opponent_losses": 0.016868326264806513,
  "diff_roll7_kd": 0.01594676418083044,
  "diff_roll5_td_pct": 0.013823876912706042,
  "weight_diff_lbs": 0.010423028066479576,
  "weight_class": 0.009138891974876207,
  "loss_streak_diff": 0.002305148761496105,
  "is_women_division": 0.0001582678501399237,
  "is_title_fight": 0.0001164459827299629
}