{
  "diff_age_at_fight": 0.2819700605909725,
  "diff_career_avg_total_str_attempted": 0.2813408591332947,
  "diff_sapm": 0.21200835759101835,
  "diff_career_avg_td_attempted": 0.20139022949298224,
  "diff_roll3_sig_str_landed": 0.18990464830002962,
  "diff_roll7_sig_str_att": 0.1721347825560092,
  "win_streak_diff": 0.14440593115658068,
  "diff_roll7_td_landed": 0.14212944525307183,
  "diff_defense_score": 0.12629974940545632,
  "reach_diff_inches": 0.12029899899499427,
  "diff_grappling_ratio": 0.1006193182014142,
  "diff_decision_rate": 0.10012632727787171,
  "diff_roll7_total_str_landed": 0.09311348298820628,
  "diff_roll3_total_str_landed": 0.08954522308649396,
  "win_rate_diff": 0.06676397506317776,
  "loss_streak_diff": 0.06251048092252111,
  "diff_aggression_score": 0.044056319567296755,
  "diff_career_avg_kd": 0.03348311052643686,
  "diff_roll7_sig_str_pct": 0.032792674237937865,
  "is_title_fight": 0.019295889815776526,
  "diff_days_in_weight_class": 0.014474975794643206,
  "diff_roll3_ctrl_s": 0.013957415699324434,
  "diff_career_avg_ctrl_s": 0.012626946576921186,
  "diff_avg_opponent_losses": 0.011036222274929066,
  "diff_career_length_days": 0.009819694453063414,
  "weight_class": 0.008339712046560064,
  "diff_ko_rate": 0.006457818414495376,
  "is_women_division": 0.006161629516801212,
  "diff_roll5_td_pct": 0.001616948895313636
}