{
  "diff_age_at_fight": 0.06583413481712341,
  "diff_roll3_sig_str_landed": 0.046056292951107025,
  "diff_sapm": 0.04586370661854744,
  "diff_defense_score": 0.04433028772473335,
  "diff_roll7_td_landed": 0.040660783648490906,
  "diff_career_avg_ctrl_s": 0.039305493235588074,
  "win_streak_diff": 0.03884856030344963,
  "diff_roll7_sig_str_att": 0.03854026272892952,
  "win_rate_diff": 0.03765952214598656,
  "diff_career_avg_kd": 0.036331985145807266,
  "reach_diff_inches": 0.0356062650680542,
  "diff_roll3_ctrl_s": 0.03470151126384735,
  "diff_ko_rate": 0.034259650856256485,
  "weight_diff_lbs": 0.03407977521419525,
  "diff_career_avg_td_attempted": 0.03347723186016083,
  "diff_aggression_score": 0.03099554404616356,
  "diff_roll7_sig_str_pct": 0.029864905402064323,
  "diff_grappling_ratio": 0.02972128428518772,
  "diff_days_in_weight_class": 0.02940499037504196,
  "diff_roll3_total_str_landed": 0.029344283044338226,
  "diff_roll7_total_str_landed": 0.029046479612588882,
  "diff_ewa_kd": 0.02898057922720909,
  "diff_career_length_days": 0.028946371749043465,
  "diff_career_avg_total_str_attempted": 0.028133340179920197,
  "diff_roll5_td_pct": 0.027844496071338654,
  "diff_decision_rate": 0.027765372768044472,
  "weight_class": 0.026493456214666367,
  "diff_avg_opponent_losses": 0.0258489903062582,
  "loss_streak_diff": 0.022054431959986687,
  "is_title_fight": 0.0,
  "is_women_division": 0.0
}