{
  "diff_age_at_fight": 0.23241953885275404,
  "diff_career_avg_total_str_attempted": 0.21427257796220628,
  "diff_roll3_sig_str_landed": 0.16941829729286567,
  "diff_sapm": 0.1606587791530329,
  "diff_roll7_sig_str_att": 0.14129763235112572,
  "diff_career_avg_td_attempted": 0.13476040041727758,
  "win_streak_diff": 0.12531185192188726,
  "reach_diff_inches": 0.10331624988522682,
  "diff_roll7_td_landed": 0.0898916140588661,
  "diff_defense_score": 0.07142713616880902,
  "diff_roll7_total_str_landed": 0.06952038019231578,
  "diff_roll3_total_str_landed": 0.06753254843022612,
  "diff_decision_rate": 0.0646022699543766,
  "loss_streak_diff": 0.04918328680418047,
  "win_rate_diff": 0.0471295748600525,
  "diff_grappling_ratio": 0.03803348724890649,
  "diff_aggression_score": 0.02866972382936753,
  "weight_class": 0.02121838636981785,
  "diff_career_avg_kd": 0.01904149185505107,
  "diff_roll7_sig_str_pct": 0.01803314431653643,
  "diff_days_in_weight_class": 0.014967785755785838,
  "diff_avg_opponent_losses": 0.01020323332875471,
  "diff_career_length_days": 0.009813471059954537,
  "diff_roll3_ctrl_s": 0.009345260713514367,
  "diff_career_avg_ctrl_s": 0.007981591798728229,
  "is_title_fight": 0.006371401171801346,
  "is_women_division": 0.005791655286099226,
  "diff_ko_rate": 0.0041148699830700144,
  "diff_roll5_td_pct": 0.0010492965969303657
}