{
  "diff_age_at_fight": 0.22944255959910945,
  "diff_career_avg_total_str_attempted": 0.18872407250654466,
  "diff_roll3_sig_str_landed": 0.1847404152269253,
  "diff_sapm": 0.16865598035989635,
  "diff_career_avg_td_attempted": 0.1489318194865522,
  "diff_roll7_sig_str_att": 0.13442859049729264,
  "win_streak_diff": 0.10492443653074932,
  "diff_roll7_td_landed": 0.09584872999121485,
  "reach_diff_inches": 0.08481293728852769,
  "diff_roll3_total_str_landed": 0.07934280953449133,
  "diff_defense_score": 0.07880642596984862,
  "diff_decision_rate": 0.06930567554414199,
  "diff_roll7_total_str_landed": 0.054185049744583554,
  "loss_streak_diff": 0.049961597014789354,
  "win_rate_diff": 0.04442876367559759,
  "diff_grappling_ratio": 0.03867116384543356,
  "weight_diff_lbs": 0.03265876792993144,
  "diff_aggression_score": 0.027662820302623018,
  "diff_roll7_sig_str_pct": 0.026851752338348637,
  "weight_class": 0.023733532800482838,
  "diff_roll7_kd": 0.01944861269509565,
  "diff_career_avg_ctrl_s": 0.01464253336901735,
  "diff_avg_opponent_losses": 0.01063910883411891,
  "diff_ko_rate": 0.01005378882879632,
  "is_title_fight": 0.008975577465587114,
  "is_women_division": 0.00802172443832117,
  "diff_career_length_days": 0.007352548550372793,
  "diff_roll3_ctrl_s": 0.005943243129772462,
  "diff_days_in_weight_class": 0.005203139533046834,
  "diff_roll5_td_pct": 0.003716245461652203,
  "diff_ewa_kd": 0.000129185595026072
}