{
  "diff_age_at_fight": 0.03949442240545412,
  "diff_sapm": 0.022064333106175837,
  "diff_defense_score": 0.01952003922463391,
  "diff_roll3_sig_str_landed": 0.014432827194124498,
  "win_rate_diff": 0.011238982352514165,
  "diff_roll7_td_landed": 0.011129948223781248,
  "diff_td_def_rate": 0.008000681879772915,
  "diff_career_avg_td_attempted": 0.006569515659822502,
  "diff_career_avg_ctrl_s": 0.0055453019507749335,
  "diff_aggression_score": 0.005465089076793001,
  "diff_ko_rate": 0.005148343465172788,
  "diff_roll7_sig_str_att": 0.005128378892174436,
  "diff_roll7_sig_str_pct": 0.004856127455550052,
  "diff_career_length_days": 0.004409833168632633,
  "diff_roll3_ctrl_s": 0.004289794583170291,
  "win_streak_diff": 0.0038813787730675522,
  "reach_diff_inches": 0.0036606552419256077,
  "diff_career_avg_kd": 0.0036505444471904716,
  "diff_days_in_weight_class": 0.003509665383823647,
  "diff_grappling_ratio": 0.0027017106899089346,
  "diff_ewa_kd": 0.0025729776568411988,
  "diff_roll3_total_str_landed": 0.0019605194110437394,
  "diff_decision_rate": 0.0019385462759182771,
  "diff_roll7_total_str_landed": 0.001329353701261755,
  "diff_career_avg_total_str_attempted": 0.0011355513687565932,
  "diff_avg_opponent_losses": 0.0010169025652724086,
  "weight_class": 0.0008477174236870103,
  "diff_roll5_td_pct": 0.0007675128063314385,
  "loss_streak_diff": 0.0006142985518666276,
  "is_women_division": 0.00015735927103542038,
  "is_title_fight": 4.0983011375182016e-05
}