{
  "diff_age_at_fight": 0.22854555992579018,
  "diff_career_avg_total_str_attempted": 0.1902468571653874,
  "diff_roll3_sig_str_landed": 0.17644682788311677,
  "diff_sapm": 0.15729620128815985,
  "diff_career_avg_td_attempted": 0.13853904558153587,
  "diff_roll7_sig_str_att": 0.12539050207948654,
  "win_streak_diff": 0.11418223976618623,
  "diff_roll7_td_landed": 0.09331783828797321,
  "reach_diff_inches": 0.08738736804131286,
  "diff_roll3_total_str_landed": 0.07947716649678406,
  "diff_defense_score": 0.07614369359927002,
  "diff_roll7_total_str_landed": 0.07195404098523958,
  "diff_decision_rate": 0.06264760267611978,
  "loss_streak_diff": 0.05108018147735623,
  "win_rate_diff": 0.046991969416691697,
  "diff_grappling_ratio": 0.03767225351315937,
  "weight_diff_lbs": 0.030035052970386812,
  "diff_aggression_score": 0.026384299932555578,
  "diff_roll7_sig_str_pct": 0.02182127492894436,
  "weight_class": 0.019098199024366446,
  "diff_career_avg_ctrl_s": 0.019073149485475432,
  "diff_career_avg_kd": 0.016723691146915028,
  "diff_days_in_weight_class": 0.015745911829526026,
  "diff_avg_opponent_losses": 0.013409216397033696,
  "diff_roll3_ctrl_s": 0.012058438704603073,
  "is_title_fight": 0.0076520718997226565,
  "diff_career_length_days": 0.005363436800740546,
  "is_women_division": 0.00514518551422643,
  "diff_ko_rate": 0.0049612773536609955,
  "diff_roll5_td_pct": 0.0015902337301734273
}