{
  "diff_age_at_fight": 0.03895170129864115,
  "diff_sapm": 0.021233157677376602,
  "diff_defense_score": 0.019392228448769724,
  "diff_roll3_sig_str_landed": 0.012971065242094777,
  "win_rate_diff": 0.01202874345626165,
  "diff_roll5_td_landed": 0.009007626805854946,
  "diff_career_avg_td_attempted": 0.006708384209581077,
  "diff_aggression_score": 0.006394715899176496,
  "diff_ko_rate": 0.0063066627497098205,
  "diff_roll7_sig_str_att": 0.006207909128828569,
  "diff_roll7_sig_str_pct": 0.005895583358948559,
  "diff_roll3_ctrl_s": 0.005221000232565329,
  "diff_career_avg_kd": 0.004910207560886767,
  "diff_career_avg_ctrl_s": 0.004806788129228204,
  "win_streak_diff": 0.004360227718388701,
  "diff_career_length_days": 0.004132155075138774,
  "reach_diff_inches": 0.004085117403538772,
  "diff_days_in_weight_class": 0.0037360002300343338,
  "diff_grappling_ratio": 0.003462789528853568,
  "diff_ewa_kd": 0.002684134311314715,
  "diff_roll3_total_str_landed": 0.002498942881454803,
  "diff_decision_rate": 0.0020365031637141926,
  "diff_roll7_total_str_landed": 0.0014409168188963576,
  "diff_career_avg_total_str_attempted": 0.0013042706743734921,
  "diff_avg_opponent_losses": 0.0010102604935280665,
  "diff_roll5_td_pct": 0.0007575041161142925,
  "loss_streak_diff": 0.0006578385422012925,
  "weight_class": 0.0005487043723670632,
  "is_title_fight": 7.597861246624666e-05,
  "is_women_division": 5.783410633682436e-05
}