{
  "diff_age_at_fight": 0.24125933647155762,
  "diff_sapm": 0.1583646833896637,
  "diff_roll3_sig_str_landed": 0.11520186066627502,
  "diff_defense_score": 0.10770159214735031,
  "diff_career_avg_td_attempted": 0.06037483364343643,
  "diff_career_avg_kd": 0.059027619659900665,
  "diff_roll7_td_landed": 0.058146994560956955,
  "diff_aggression_score": 0.044212695211172104,
  "diff_career_length_days": 0.041100818663835526,
  "diff_ko_rate": 0.039624158293008804,
  "win_rate_diff": 0.038116540759801865,
  "reach_diff_inches": 0.03692234307527542,
  "diff_roll7_sig_str_pct": 0.03473568335175514,
  "win_streak_diff": 0.03322046622633934,
  "diff_roll7_sig_str_att": 0.030806725844740868,
  "diff_grappling_ratio": 0.028652667999267578,
  "diff_days_in_weight_class": 0.026417553424835205,
  "weight_diff_lbs": 0.01832687482237816,
  "diff_roll7_total_str_landed": 0.015951775014400482,
  "diff_decision_rate": 0.014058096334338188,
  "diff_avg_opponent_losses": 0.013329743407666683,
  "diff_career_avg_total_str_attempted": 0.012701744213700294,
  "diff_career_avg_ctrl_s": 0.011518657207489014,
  "diff_roll3_total_str_landed": 0.011131213046610355,
  "weight_class": 0.011019958183169365,
  "diff_roll3_ctrl_s": 0.00980099756270647,
  "diff_ewa_kd": 0.007313837762922049,
  "diff_roll5_td_pct": 0.004788295365869999,
  "loss_streak_diff": 0.004593345802277327,
  "is_title_fight": 0.0,
  "is_women_division": 0.0
}