{
  "diff_age_at_fight": 0.03885525650890999,
  "diff_sapm": 0.021650846426298265,
  "diff_defense_score": 0.017365304272138657,
  "diff_roll3_sig_str_landed": 0.013899409147558179,
  "win_rate_diff": 0.01229183979752383,
  "diff_roll7_td_landed": 0.009823192597942587,
  "diff_ko_rate": 0.007098421092037432,
  "diff_aggression_score": 0.006663174275133014,
  "diff_career_avg_ctrl_s": 0.006023359453057262,
  "diff_career_avg_td_attempted": 0.005753206100547688,
  "diff_roll3_ctrl_s": 0.0057303494329570374,
  "diff_roll7_sig_str_att": 0.005325460070376491,
  "diff_roll7_sig_str_pct": 0.005170775768902577,
  "diff_career_length_days": 0.004455802674313769,
  "win_streak_diff": 0.00441429588746707,
  "diff_career_avg_kd": 0.004392525749714666,
  "diff_days_in_weight_class": 0.003797968337936774,
  "reach_diff_inches": 0.0037257715734029598,
  "diff_grappling_ratio": 0.0028728293806587033,
  "diff_roll3_total_str_landed": 0.0022513956181432824,
  "diff_decision_rate": 0.0022262893115432706,
  "diff_ewa_kd": 0.002224087709186162,
  "diff_avg_opponent_losses": 0.001483045791032438,
  "diff_career_avg_total_str_attempted": 0.001413926573002095,
  "diff_roll7_total_str_landed": 0.0013063855893474534,
  "diff_roll5_td_pct": 0.0010512198285122923,
  "weight_class": 0.0009582656098102827,
  "loss_streak_diff": 0.0003556177741647737,
  "is_women_division": 0.00014564710301027617,
  "is_title_fight": 8.755047910332815e-05
}