{
  "diff_age_at_fight": 0.23560920357704163,
  "diff_sapm": 0.1475667953491211,
  "diff_defense_score": 0.10092345625162125,
  "diff_roll3_sig_str_landed": 0.09434577077627182,
  "diff_career_avg_td_attempted": 0.06318142265081406,
  "diff_ko_rate": 0.05049997940659523,
  "diff_aggression_score": 0.048494789749383926,
  "diff_career_avg_kd": 0.04735530912876129,
  "reach_diff_inches": 0.04703165218234062,
  "diff_roll7_sig_str_pct": 0.045231129974126816,
  "diff_roll5_td_landed": 0.038862667977809906,
  "diff_career_length_days": 0.03491126000881195,
  "win_rate_diff": 0.029660707339644432,
  "diff_career_avg_ctrl_s": 0.02828177623450756,
  "diff_roll7_sig_str_att": 0.025530360639095306,
  "win_streak_diff": 0.023876789957284927,
  "diff_grappling_ratio": 0.021879425272345543,
  "diff_days_in_weight_class": 0.021816816180944443,
  "diff_decision_rate": 0.016766386106610298,
  "weight_class": 0.013161834329366684,
  "diff_avg_opponent_losses": 0.012893758714199066,
  "diff_ewa_kd": 0.009998765774071217,
  "diff_roll7_total_str_landed": 0.009104721248149872,
  "diff_roll3_ctrl_s": 0.007988839410245419,
  "diff_career_avg_total_str_attempted": 0.005527277011424303,
  "diff_roll5_td_pct": 0.005480253603309393,
  "diff_roll3_total_str_landed": 0.004837919492274523,
  "loss_streak_diff": 0.0024887381587177515,
  "is_title_fight": 0.0,
  "is_women_division": 0.0
}