{
  "diff_age_at_fight": 0.24301442924259706,
  "diff_career_avg_total_str_attempted": 0.21374182289383345,
  "diff_roll3_sig_str_landed": 0.18485397290438557,
  "diff_career_avg_td_attempted": 0.16984493695799904,
  "diff_sapm": 0.16425174213806107,
  "diff_roll7_sig_str_att": 0.14455903224570804,
  "win_streak_diff": 0.10446744602989999,
  "reach_diff_inches": 0.09869237201534732,
  "diff_roll3_total_str_landed": 0.08016082605357994,
  "diff_defense_score": 0.07895323108331516,
  "diff_decision_rate": 0.06797238892669719,
  "diff_roll7_total_str_landed": 0.06603353948217314,
  "diff_roll5_td_landed": 0.058853411741546215,
  "loss_streak_diff": 0.057068421680309976,
  "win_rate_diff": 0.049004751917651516,
  "diff_grappling_ratio": 0.03632943610725601,
  "diff_aggression_score": 0.031132590413532845,
  "weight_class": 0.0261244127325429,
  "diff_roll7_sig_str_pct": 0.021774372023734005,
  "diff_roll5_td_pct": 0.012293427315651409,
  "diff_avg_opponent_losses": 0.01163108497000621,
  "diff_ewa_kd": 0.01130257735602222,
  "diff_roll3_ctrl_s": 0.009761575166601606,
  "is_women_division": 0.0069457957577296415,
  "is_title_fight": 0.006400700954026997,
  "diff_ko_rate": 0.004661452419081728,
  "diff_career_length_days": 0.004498250091763295,
  "diff_career_avg_kd": 0.003673236908252023,
  "diff_days_in_weight_class": 0.0032264722118280236,
  "diff_career_avg_ctrl_s": 0.001980809727366491
}