{
  "diff_age_at_fight": 0.21633324027061462,
  "diff_sapm": 0.1260293573141098,
  "diff_defense_score": 0.08777640014886856,
  "diff_roll3_sig_str_landed": 0.07520270347595215,
  "win_rate_diff": 0.037713851779699326,
  "diff_roll5_td_landed": 0.037081167101860046,
  "diff_career_avg_kd": 0.034258510917425156,
  "diff_career_avg_td_attempted": 0.03368229791522026,
  "diff_aggression_score": 0.03325138986110687,
  "diff_ko_rate": 0.03037409670650959,
  "diff_roll7_sig_str_att": 0.028275877237319946,
  "diff_days_in_weight_class": 0.022090641781687737,
  "reach_diff_inches": 0.021788399666547775,
  "diff_roll7_sig_str_pct": 0.021205885335803032,
  "diff_career_avg_ctrl_s": 0.019948450848460197,
  "diff_grappling_ratio": 0.01828969456255436,
  "win_streak_diff": 0.014162230305373669,
  "diff_career_length_days": 0.00949488952755928,
  "diff_roll3_ctrl_s": 0.008532821200788021,
  "weight_class": 0.007792302872985601,
  "diff_decision_rate": 0.007517024874687195,
  "diff_roll7_total_str_landed": 0.005684107542037964,
  "diff_career_avg_total_str_attempted": 0.005089962854981422,
  "diff_ewa_kd": 0.0044156210497021675,
  "diff_avg_opponent_losses": 0.004360050894320011,
  "diff_roll5_td_pct": 0.004310584627091885,
  "diff_roll3_total_str_landed": 0.0040817866101861,
  "loss_streak_diff": 0.0023164411541074514,
  "is_title_fight": 0.0,
  "is_women_division": 0.0
}