{
  "diff_age_at_fight": 0.03959697265151276,
  "diff_sapm": 0.02043585960459029,
  "diff_defense_score": 0.019243873728978768,
  "diff_roll3_sig_str_landed": 0.013956476288319777,
  "win_rate_diff": 0.01037090997509269,
  "diff_roll7_td_landed": 0.009889295772465646,
  "diff_career_avg_td_attempted": 0.007438584290327791,
  "diff_roll7_sig_str_pct": 0.0070079491288561595,
  "diff_roll7_sig_str_att": 0.0055600520334865965,
  "diff_aggression_score": 0.005457400673965987,
  "diff_ko_rate": 0.005189677183832941,
  "diff_roll3_ctrl_s": 0.00508393385797238,
  "diff_career_avg_ctrl_s": 0.004784136455398457,
  "diff_career_length_days": 0.0042476264228253945,
  "diff_career_avg_kd": 0.004138283813563403,
  "win_streak_diff": 0.00396747012143239,
  "diff_days_in_weight_class": 0.003868180669214327,
  "diff_grappling_ratio": 0.0034200836470786073,
  "reach_diff_inches": 0.003339055677502893,
  "diff_ewa_kd": 0.0031197299027239983,
  "diff_roll3_total_str_landed": 0.0024890219393883294,
  "diff_decision_rate": 0.001805429569502441,
  "diff_avg_opponent_losses": 0.001772058942715418,
  "diff_career_avg_total_str_attempted": 0.0015310037338190797,
  "diff_roll7_total_str_landed": 0.0014731342816880612,
  "weight_class": 0.0010121129564273535,
  "diff_roll5_td_pct": 0.0009347872046432972,
  "loss_streak_diff": 0.00025910459988183184,
  "is_women_division": 4.217378707957689e-05,
  "is_title_fight": 3.153429075350216e-05
}