{
  "diff_age_at_fight": 0.03868036276069471,
  "diff_sapm": 0.019352921586306856,
  "diff_defense_score": 0.018244745346689704,
  "diff_roll3_sig_str_landed": 0.013752939304037804,
  "win_rate_diff": 0.012799204310524432,
  "diff_roll7_td_landed": 0.012232672792891091,
  "diff_roll7_sig_str_pct": 0.006298431040544105,
  "diff_aggression_score": 0.005904841143396466,
  "diff_ko_rate": 0.0057343457751851705,
  "diff_career_avg_td_attempted": 0.005450374436481496,
  "diff_roll7_sig_str_att": 0.005255672592674156,
  "diff_career_avg_ctrl_s": 0.005133601465632751,
  "reach_diff_inches": 0.0049295405656258244,
  "diff_roll3_ctrl_s": 0.004841068731908876,
  "diff_career_length_days": 0.004511698009217776,
  "diff_career_avg_kd": 0.004354330172509281,
  "win_streak_diff": 0.003953201855565604,
  "diff_grappling_ratio": 0.0033275213693681497,
  "diff_days_in_weight_class": 0.003132405238268239,
  "diff_decision_rate": 0.0023150463958914653,
  "diff_roll3_total_str_landed": 0.0021145182984243717,
  "diff_roll7_total_str_landed": 0.0014506604885093008,
  "diff_career_avg_total_str_attempted": 0.0012161005139945953,
  "diff_avg_opponent_losses": 0.0010923580818510137,
  "diff_roll5_td_pct": 0.0009274739776095605,
  "weight_diff_lbs": 0.0008526486129189378,
  "weight_class": 0.0008460633878772224,
  "loss_streak_diff": 0.0007696570669083046,
  "is_women_division": 0.00010935008485184559,
  "is_title_fight": 1.5750822114662398e-05
}