{
  "diff_age_at_fight": 0.03807673226376174,
  "diff_sapm": 0.019603634075223645,
  "diff_defense_score": 0.018385343173041028,
  "diff_roll3_sig_str_landed": 0.01428155335102416,
  "win_rate_diff": 0.011952705859910316,
  "diff_roll7_td_landed": 0.010714631556384496,
  "diff_aggression_score": 0.006322605975773554,
  "diff_roll7_sig_str_pct": 0.006085737330015067,
  "diff_ko_rate": 0.005735891348586165,
  "diff_career_avg_td_attempted": 0.005597994335165984,
  "diff_career_avg_ctrl_s": 0.0055194437621183525,
  "diff_roll7_sig_str_att": 0.005467690375059934,
  "win_streak_diff": 0.004577533940165845,
  "diff_career_length_days": 0.004532994392379127,
  "diff_roll3_ctrl_s": 0.004485515865131886,
  "diff_career_avg_kd": 0.004223713505737401,
  "reach_diff_inches": 0.0039823048428504915,
  "diff_days_in_weight_class": 0.0039038660315851926,
  "diff_grappling_ratio": 0.0031896758202258238,
  "diff_ewa_kd": 0.002748565388378759,
  "diff_roll3_total_str_landed": 0.0025399114144727813,
  "diff_decision_rate": 0.0021035996831083215,
  "diff_roll7_total_str_landed": 0.0014748093651232364,
  "diff_roll5_td_pct": 0.0012621252004837362,
  "diff_career_avg_total_str_attempted": 0.0012468468860071865,
  "diff_avg_opponent_losses": 0.0009405330483286099,
  "weight_diff_lbs": 0.0008825078752892626,
  "weight_class": 0.0007637672039447308,
  "loss_streak_diff": 0.0006964292546469312,
  "is_women_division": 9.2470864707708e-05,
  "is_title_fight": 2.315510738261957e-05
}