{
  "diff_age_at_fight": 0.03651510921364588,
  "diff_sapm": 0.021087360914745643,
  "diff_defense_score": 0.019914283282568078,
  "diff_roll3_sig_str_landed": 0.013071077835438472,
  "diff_roll7_td_landed": 0.010364734656700729,
  "win_rate_diff": 0.010228311123314777,
  "diff_td_def_rate": 0.007563949558461287,
  "diff_career_avg_td_attempted": 0.0064521394394159645,
  "diff_career_avg_ctrl_s": 0.006249095090574745,
  "diff_aggression_score": 0.005699199300370954,
  "diff_roll7_sig_str_att": 0.005417239355312099,
  "diff_roll7_sig_str_pct": 0.0051941314816106475,
  "diff_ko_rate": 0.005171134516912441,
  "diff_roll3_ctrl_s": 0.004741090069649007,
  "diff_career_length_days": 0.004454446473650121,
  "diff_days_in_weight_class": 0.004268363659839145,
  "reach_diff_inches": 0.004153298340902113,
  "win_streak_diff": 0.0032406567406906375,
  "diff_roll7_kd": 0.0029946866260534143,
  "diff_grappling_ratio": 0.002786044116183281,
  "diff_ewa_kd": 0.002680518262811913,
  "diff_roll3_total_str_landed": 0.002482265399840555,
  "diff_decision_rate": 0.0018463506314688226,
  "weight_class": 0.0015757549814541438,
  "diff_avg_opponent_losses": 0.001519323448423272,
  "diff_roll7_total_str_landed": 0.0012783442732058467,
  "diff_career_avg_total_str_attempted": 0.00112814252678245,
  "diff_roll5_td_pct": 0.0010525531192153016,
  "weight_diff_lbs": 0.0007939008521847422,
  "loss_streak_diff": 0.00029240014552461076,
  "is_title_fight": 2.7426819684935427e-05,
  "is_women_division": 2.624172485811176e-05
}