{
  "diff_age_at_fight": 0.039366492324377805,
  "diff_sapm": 0.022829992111879714,
  "diff_defense_score": 0.01872888899980908,
  "diff_roll3_sig_str_landed": 0.013071069753447769,
  "win_rate_diff": 0.011115692716260731,
  "diff_roll5_td_landed": 0.008269483179677184,
  "diff_roll7_sig_str_pct": 0.006419606915094985,
  "diff_career_avg_td_attempted": 0.006189718774225753,
  "diff_aggression_score": 0.005932810448681087,
  "diff_roll7_sig_str_att": 0.005851141213595094,
  "diff_ko_rate": 0.00573195574575183,
  "diff_career_avg_ctrl_s": 0.005698327019248451,
  "diff_roll3_ctrl_s": 0.005301685762043412,
  "diff_career_length_days": 0.004667459411643666,
  "reach_diff_inches": 0.004090145308533889,
  "win_streak_diff": 0.0035501585621109514,
  "diff_grappling_ratio": 0.0035415858133111713,
  "diff_days_in_weight_class": 0.003525793069913784,
  "diff_roll7_kd": 0.0028068937051604994,
  "diff_ewa_kd": 0.0025831929175372764,
  "diff_decision_rate": 0.0022660203873647966,
  "diff_roll7_total_str_landed": 0.002033604635581024,
  "diff_roll3_total_str_landed": 0.001840334835896102,
  "diff_career_avg_total_str_attempted": 0.0016135589433240762,
  "diff_avg_opponent_losses": 0.0010771716260582376,
  "diff_roll5_td_pct": 0.0010726731043784847,
  "weight_class": 0.0010296492399653127,
  "loss_streak_diff": 0.0004841920204275998,
  "is_women_division": 0.00018007496696290188,
  "is_title_fight": 3.8091384566168676e-05
}