{
  "diff_age_at_fight": 0.2308048190625155,
  "diff_career_avg_total_str_attempted": 0.19091931069113693,
  "diff_roll3_sig_str_landed": 0.16138209333224418,
  "diff_sapm": 0.15352015599824453,
  "diff_career_avg_td_attempted": 0.13829462195070494,
  "diff_roll7_sig_str_att": 0.1313491958357205,
  "win_streak_diff": 0.11441496905131031,
  "diff_roll7_td_landed": 0.0867657461288017,
  "reach_diff_inches": 0.08563359323710769,
  "diff_defense_score": 0.07611585513626544,
  "diff_roll7_total_str_landed": 0.06892448916833209,
  "diff_roll3_total_str_landed": 0.06781452810814144,
  "diff_decision_rate": 0.0652532167170678,
  "loss_streak_diff": 0.052318217631066526,
  "win_rate_diff": 0.04950857862305654,
  "weight_diff_lbs": 0.03774210649974698,
  "diff_grappling_ratio": 0.036307273730082995,
  "diff_aggression_score": 0.026949648543674355,
  "weight_class": 0.02191495680106563,
  "diff_roll7_sig_str_pct": 0.020322955858420706,
  "diff_career_avg_ctrl_s": 0.016099192843158246,
  "diff_days_in_weight_class": 0.013553554716508008,
  "diff_ewa_kd": 0.011748322471535158,
  "diff_roll3_ctrl_s": 0.01169033254240891,
  "diff_avg_opponent_losses": 0.011592559068225346,
  "diff_career_length_days": 0.0073230517866489635,
  "diff_career_avg_kd": 0.0072594941823819386,
  "diff_ko_rate": 0.006856722279590093,
  "is_title_fight": 0.006061557021877837,
  "is_women_division": 0.005882321934579629,
  "diff_roll5_td_pct": 0.0006239819361824055
}