{
  "diff_age_at_fight": 0.22692212550735402,
  "diff_career_avg_total_str_attempted": 0.1948082851589047,
  "diff_roll3_sig_str_landed": 0.15977464488368887,
  "diff_sapm": 0.1523016698561422,
  "diff_career_avg_td_attempted": 0.1365179284687332,
  "diff_roll7_sig_str_att": 0.13208867740761907,
  "win_streak_diff": 0.1200575945193349,
  "diff_roll7_td_landed": 0.08604274203916386,
  "reach_diff_inches": 0.08358599120395384,
  "diff_defense_score": 0.07277507695893312,
  "diff_roll3_total_str_landed": 0.06860110531736556,
  "diff_roll7_total_str_landed": 0.06817721017229453,
  "diff_decision_rate": 0.06602840874805385,
  "loss_streak_diff": 0.055174896806902074,
  "win_rate_diff": 0.05093522357151516,
  "diff_grappling_ratio": 0.03637122883394016,
  "weight_diff_lbs": 0.028913728595686576,
  "diff_aggression_score": 0.027072157860199394,
  "weight_class": 0.021147305459920718,
  "diff_roll7_sig_str_pct": 0.0203041486146458,
  "diff_career_avg_ctrl_s": 0.016855989230738513,
  "diff_days_in_weight_class": 0.013615690450507775,
  "diff_ewa_kd": 0.012882655942122333,
  "diff_roll3_ctrl_s": 0.01247748061393398,
  "diff_avg_opponent_losses": 0.011452741134387502,
  "diff_career_length_days": 0.008458398523950222,
  "is_women_division": 0.007353198778063625,
  "diff_career_avg_kd": 0.0064636809429561015,
  "is_title_fight": 0.006226054352699286,
  "diff_ko_rate": 0.00569284645971063,
  "diff_roll5_td_pct": 0.0014176790510962481
}