{
  "diff_age_at_fight": 0.03944937097197555,
  "diff_sapm": 0.020843176657908285,
  "diff_defense_score": 0.01951529853534513,
  "diff_roll3_sig_str_landed": 0.013888669002507553,
  "win_rate_diff": 0.011486946239347857,
  "diff_roll5_td_landed": 0.008916737835297674,
  "diff_career_avg_td_attempted": 0.00686340466701871,
  "diff_aggression_score": 0.006215867686734089,
  "diff_roll7_sig_str_pct": 0.005981885762516359,
  "diff_ko_rate": 0.0058616591166136805,
  "diff_roll7_sig_str_att": 0.005528766900715088,
  "diff_career_avg_ctrl_s": 0.005401549011834341,
  "diff_career_length_days": 0.0050151181805913655,
  "diff_roll3_ctrl_s": 0.004661625487780164,
  "diff_career_avg_kd": 0.004191988780979061,
  "win_streak_diff": 0.003936625462494926,
  "diff_grappling_ratio": 0.0038186653690006588,
  "reach_diff_inches": 0.0036951804363450835,
  "diff_days_in_weight_class": 0.003342059113735493,
  "diff_decision_rate": 0.002526670076444931,
  "diff_roll3_total_str_landed": 0.0025217567890435527,
  "diff_ewa_kd": 0.0020622734934609022,
  "diff_roll7_total_str_landed": 0.0015543798530565328,
  "diff_avg_opponent_losses": 0.0011277724099651777,
  "diff_career_avg_total_str_attempted": 0.0009585477782028035,
  "diff_roll5_td_pct": 0.0009343748212749495,
  "weight_class": 0.0008858961127527382,
  "loss_streak_diff": 0.0005280890582924515,
  "is_women_division": 8.699689018280324e-05,
  "is_title_fight": 6.76363398478697e-05
}