{
  "diff_age_at_fight": 0.03778551444468079,
  "diff_sapm": 0.019643266812620512,
  "diff_defense_score": 0.019100759149081274,
  "diff_roll3_sig_str_landed": 0.014441212508386389,
  "win_rate_diff": 0.012000471989951087,
  "diff_roll7_td_landed": 0.011252945113756239,
  "diff_aggression_score": 0.0069422158640237725,
  "diff_roll7_sig_str_pct": 0.006040322484992451,
  "diff_career_avg_ctrl_s": 0.005969590409776849,
  "diff_ko_rate": 0.005853164117433216,
  "diff_career_avg_td_attempted": 0.005475420953415701,
  "diff_roll3_ctrl_s": 0.0052163505626607225,
  "diff_career_length_days": 0.00460227828766833,
  "diff_roll7_sig_str_att": 0.004601646681960975,
  "reach_diff_inches": 0.004375151965941105,
  "win_streak_diff": 0.004340576210352995,
  "diff_career_avg_kd": 0.004083936294531213,
  "diff_days_in_weight_class": 0.003950659860940078,
  "diff_grappling_ratio": 0.0035383335909533616,
  "diff_ewa_kd": 0.003055832844249516,
  "diff_decision_rate": 0.00214726872834085,
  "diff_roll3_total_str_landed": 0.0016326674067130992,
  "diff_roll7_total_str_landed": 0.0014757686699787493,
  "diff_career_avg_total_str_attempted": 0.001326681470343828,
  "diff_avg_opponent_losses": 0.0010512212542602864,
  "weight_diff_lbs": 0.0010152673974632733,
  "loss_streak_diff": 0.0008347766145392843,
  "diff_roll5_td_pct": 0.0008321120237439568,
  "weight_class": 0.0006865504653891916,
  "is_women_division": 7.617058589187645e-05,
  "is_title_fight": 2.5942958146960678e-05
}